time,value
2005-01-03,116867.58974730001
2005-01-04,108184.31469360001
2005-01-05,138179.7541235
2005-01-06,162258.385686
2005-01-07,170081.6291742
2005-01-10,169967.08629920002
2005-01-11,119403.827297
2005-01-12,140993.3675054
2005-01-13,148277.1792513
2005-01-14,149550.341406
2005-01-17,79453.263066
2005-01-18,172276.5073001
2005-01-19,122789.6354325
2005-01-20,146194.2497003
2005-01-21,148874.1443086
2005-01-24,162914.14603220002
2005-01-25,164587.2676455
2005-01-26,150731.5817845
2005-01-27,165939.0876544
2005-01-28,160428.84090439999
2005-01-31,203982.2972574
2005-02-01,147273.69185270002
2005-02-02,144033.8239854
2005-02-03,152045.431517
2005-02-04,146017.15461610002
2005-02-07,175834.9534041
2005-02-08,144516.9353882
2005-02-09,140298.38617789999
2005-02-10,157770.5962152
2005-02-11,161742.8065716
2005-02-14,165225.02772379998
2005-02-15,143777.59361
2005-02-16,134875.73705589998
2005-02-17,148188.0667541
2005-02-18,165935.8476235
2005-02-21,79259.7620917
2005-02-22,174330.495221
2005-02-23,138096.6591276
2005-02-24,173271.330074
2005-02-25,174737.4359135
2005-02-28,209027.69752420002
2005-03-01,136579.15033960002
2005-03-02,136285.37879289998
2005-03-03,151983.17950579998
2005-03-04,136601.7063961
2005-03-07,149465.03596120002
2005-03-08,134528.4716368
2005-03-09,142686.8973819
2005-03-10,154701.8407258
2005-03-11,143884.8261041
2005-03-14,143547.9347631
2005-03-15,153905.8199306
2005-03-16,176006.8953795
2005-03-17,155745.3391637
2005-03-18,157715.5771129
2005-03-21,150014.21943270002
2005-03-22,135208.3643418
2005-03-23,181251.0759273
2005-03-24,187686.0592481
2005-03-29,176544.2711805
2005-03-30,155812.34948270002
2005-03-31,206798.702344
2005-04-01,156076.40813989998
2005-04-04,166539.2765877
2005-04-05,153690.7601152
2005-04-06,145304.6666461
2005-04-07,151247.2611702
2005-04-08,140126.2199913
2005-04-11,161003.9286848
2005-04-12,145648.5491438
2005-04-13,134279.5199694
2005-04-14,144823.3660409
2005-04-15,133459.7870066
2005-04-18,153196.38606289998
2005-04-19,135476.1627451
2005-04-20,198026.4428787
2005-04-21,175922.4813024
2005-04-22,150178.1533377
2005-04-25,180009.858387
2005-04-26,138765.070309
2005-04-27,135615.1011455
2005-04-28,146735.2367305
2005-04-29,180210.61190229998
2005-05-02,137576.0087148
2005-05-03,141073.03932510002
2005-05-04,149541.4415504
2005-05-06,156768.8195754
2005-05-09,163679.394237
2005-05-10,151787.6213189
2005-05-11,153722.2272636
2005-05-12,150983.79145360002
2005-05-13,140999.527393
2005-05-17,178784.42754479998
2005-05-18,167335.25757279998
2005-05-19,153496.088851
2005-05-20,157821.98856179998
2005-05-23,146244.4375811
2005-05-24,143893.4705014
2005-05-25,186024.5175229
2005-05-26,152003.8976127
2005-05-27,137935.6581162
2005-05-30,81375.7717934
2005-05-31,188925.2803021
2005-06-01,139220.3329196
2005-06-02,141498.60556720002
2005-06-03,144629.95279429998
2005-06-06,144384.671757
2005-06-07,140550.2670066
2005-06-08,122479.21478180001
2005-06-09,141497.8446604
2005-06-10,142977.4976731
2005-06-13,147827.98584970002
2005-06-14,135223.8291656
2005-06-15,173915.8394481
2005-06-16,157915.9600498
2005-06-17,142449.9616714
2005-06-20,157744.0660504
2005-06-21,138936.2431102
2005-06-22,180934.0946858
2005-06-23,175670.0232706
2005-06-24,152247.4740394
2005-06-27,167192.0460324
2005-06-28,140523.19445039998
2005-06-29,145211.5195512
2005-06-30,205839.3632857
2005-07-01,140232.4059005
2005-07-04,91913.720317
2005-07-05,181129.54568279997
2005-07-06,147832.05551839998
2005-07-07,161326.54879429998
2005-07-08,140537.2425815
2005-07-11,172157.5865029
2005-07-12,144423.9138765
2005-07-13,138666.76029120001
2005-07-14,154000.2573895
2005-07-15,152351.6050943
2005-07-18,150028.3514372
2005-07-19,134118.2964958
2005-07-20,140665.9692086
2005-07-21,140779.5490025
2005-07-22,139474.4313563
2005-07-25,160796.95577610002
2005-07-26,126986.3691712
2005-07-27,127958.22467210001
2005-07-28,137367.6633403
2005-07-29,177981.0574095
2005-08-02,156991.2496181
2005-08-03,143801.40787929998
2005-08-04,146394.2302697
2005-08-05,141569.9832832
2005-08-08,139979.6468746
2005-08-09,122565.44475580001
2005-08-10,116895.8965613
2005-08-11,120535.0032933
2005-08-12,140502.28533120002
2005-08-15,146474.341499
2005-08-16,126874.3311791
2005-08-17,117156.22486110001
2005-08-18,140413.5753162
2005-08-19,133164.7266577
2005-08-22,146819.02343670002
2005-08-23,124754.72813630001
2005-08-24,123126.50556789999
2005-08-25,145274.2094736
2005-08-26,139162.4120612
2005-08-29,135051.8340527
2005-08-30,135644.4345956
2005-08-31,149746.3295909
2005-09-01,140027.8777369
2005-09-02,140337.6063897
2005-09-05,79926.63818719999
2005-09-06,154771.54463679998
2005-09-07,118023.9519375
2005-09-08,123467.3379231
2005-09-09,130906.3838715
2005-09-12,143956.8949212
2005-09-13,115286.10215260001
2005-09-14,116791.8815082
2005-09-15,157611.7834783
2005-09-16,130880.497427
2005-09-19,145239.137168
2005-09-20,132285.9687727
2005-09-21,163675.0407698
2005-09-22,151420.59580110002
2005-09-23,142648.80392079998
2005-09-26,153974.8810183
2005-09-27,134448.821454
2005-09-28,132437.8890632
2005-09-29,150111.5499174
2005-09-30,192476.966847
2005-10-03,160916.5167185
2005-10-04,138488.5317183
2005-10-05,141091.9079966
2005-10-06,144779.3642386
2005-10-07,143098.7309908
2005-10-10,78899.1516058
2005-10-11,151467.2149623
2005-10-12,133896.9666028
2005-10-13,148405.023263
2005-10-14,157364.7450764
2005-10-17,144966.9012821
2005-10-18,133591.658636
2005-10-19,136470.5223785
2005-10-20,154691.444455
2005-10-21,151895.24533570002
2005-10-24,155182.39798570002
2005-10-25,161769.5668254
2005-10-26,156879.53420639999
2005-10-27,156961.8048687
2005-10-28,154099.0383857
2005-10-31,190954.7836737
2005-11-01,130936.7651414
2005-11-02,142922.6546013
2005-11-03,135976.2452535
2005-11-04,157883.2917945
2005-11-07,159669.06988529998
2005-11-08,141831.0504256
2005-11-09,136326.4740117
2005-11-10,141608.3254264
2005-11-11,86394.54240939999
2005-11-14,168556.3212179
2005-11-15,131593.3156199
2005-11-16,136624.145937
2005-11-17,145126.6235925
2005-11-18,135842.83788130002
2005-11-21,160094.0633165
2005-11-22,150065.63302620003
2005-11-23,140602.5222818
2005-11-24,89878.5637448
2005-11-25,198798.85014239998
2005-11-28,161509.5340869
2005-11-29,142976.3389065
2005-11-30,197137.37195320003
2005-12-01,153877.13740479999
2005-12-02,162779.3496479
2005-12-05,166821.6627815
2005-12-06,144978.89919539998
2005-12-07,145465.07271829998
2005-12-08,141906.6309738
2005-12-09,143212.1737058
2005-12-12,161432.70663970002
2005-12-13,143241.88326220002
2005-12-14,149135.0451964
2005-12-15,186922.42699439998
2005-12-16,175369.39827970002
2005-12-19,190261.5018599
2005-12-20,165796.0043525
2005-12-21,231398.184379
2005-12-22,184855.7658557
2005-12-23,155716.3263105
2005-12-27,155806.5884422
2005-12-28,143046.23708929998
2005-12-29,150333.7230551
2006-01-04,149584.64774920003
2006-01-05,162668.38251320002
2006-01-06,173994.25428639998
2006-01-09,167366.9222162
2006-01-10,141925.8759098
2006-01-11,152454.0498417
2006-01-12,159652.4152645
2006-01-13,177470.66151879999
2006-01-16,108221.0603744
2006-01-17,191572.8429285
2006-01-18,144959.4717436
2006-01-19,170621.0369865
2006-01-20,166983.861527
2006-01-23,158486.05144429998
2006-01-24,143208.67750679998
2006-01-25,147463.8731977
2006-01-26,149157.2304529
2006-01-27,189433.7614487
2006-01-30,165370.2020993
2006-01-31,197565.8460526
2006-02-01,152466.0372945
2006-02-02,149249.9243326
2006-02-03,154740.36584279998
2006-02-06,167590.1448658
2006-02-07,146799.4958404
2006-02-08,136274.6914204
2006-02-09,165646.775581
2006-02-10,152951.2752074
2006-02-13,171957.1953851
2006-02-14,170922.9131095
2006-02-15,159928.5706103
2006-02-16,159421.0708369
2006-02-17,164247.41539389998
2006-02-20,97784.89140739999
2006-02-21,184603.5625667
2006-02-22,145673.9398039
2006-02-23,159078.44777129998
2006-02-24,167528.7595238
2006-02-27,175032.82326079998
2006-02-28,212859.9679252
2006-03-01,189098.7296627
2006-03-02,190937.63214489998
2006-03-03,195238.47492470001
2006-03-06,198538.7431055
2006-03-07,146671.6818322
2006-03-08,136057.6882107
2006-03-09,142841.8095641
2006-03-10,155530.00899889998
2006-03-13,175979.5273233
2006-03-14,157208.1149447
2006-03-15,187884.5468409
2006-03-16,170582.6115457
2006-03-17,153263.9484984
2006-03-20,178355.7496899
2006-03-21,159106.6697476
2006-03-22,217081.13427029998
2006-03-23,190419.67932589998
2006-03-24,213150.9876906
2006-03-27,177927.6077159
2006-03-28,147405.5406651
2006-03-29,138182.50549470002
2006-03-30,213155.2301506
2006-03-31,206423.59853979998
2006-04-03,170376.082951
2006-04-04,154566.95263420002
2006-04-05,169729.8357621
2006-04-06,177769.6465823
2006-04-07,187249.182638
2006-04-10,191588.6093009
2006-04-11,160117.3423937
2006-04-12,198830.10386379997
2006-04-13,202627.6623025
2006-04-18,216532.2638708
2006-04-19,185975.0991264
2006-04-20,208075.1986997
2006-04-21,202965.19378079998
2006-04-24,208570.97690970002
2006-04-25,166958.62262970002
2006-04-26,190017.538739
2006-04-27,205247.4085414
2006-04-28,234277.09841510002
2006-05-02,190404.6170771
2006-05-03,183275.0540511
2006-05-04,203722.1797359
2006-05-05,197159.94492789998
2006-05-08,179489.7760452
2006-05-09,164294.6722789
2006-05-10,184073.1284621
2006-05-11,161266.2705175
2006-05-12,162309.7719021
2006-05-15,164886.55295570003
2006-05-16,149366.906871
2006-05-17,165896.7361589
2006-05-18,182103.6240923
2006-05-19,160584.2304771
2006-05-22,191077.7791125
2006-05-23,170171.11482329998
2006-05-24,217429.8462534
2006-05-26,219205.54787220003
2006-05-29,129292.8400162
2006-05-30,205743.1326152
2006-05-31,205928.0617764
2006-06-01,166087.0445649
2006-06-02,171646.5973804
2006-06-06,198931.18002220002
2006-06-07,167941.18132560002
2006-06-08,157984.57181420003
2006-06-09,161529.2872311
2006-06-12,168346.5099756
2006-06-13,155100.8753796
2006-06-14,176033.4603222
2006-06-15,172819.6485726
2006-06-16,173723.8812395
2006-06-19,161044.4085849
2006-06-20,174940.391877
2006-06-21,244616.1368256
2006-06-22,189020.7171075
2006-06-23,176374.6858562
2006-06-26,176053.7280541
2006-06-27,139986.26063829998
2006-06-28,147966.045204
2006-06-29,146869.2283511
2006-06-30,218023.7677875
2006-07-03,173906.6746731
2006-07-04,87228.52450069999
2006-07-05,181555.33349710001
2006-07-06,160985.7608475
2006-07-07,156638.54532270003
2006-07-10,153360.5772303
2006-07-11,130290.0319549
2006-07-12,145934.51764439998
2006-07-13,136527.41011230001
2006-07-14,158420.2763599
2006-07-17,172180.3911297
2006-07-18,130265.8643662
2006-07-19,141787.22748129998
2006-07-20,144536.3989456
2006-07-21,157795.3308836
2006-07-24,162874.1082763
2006-07-25,143087.3009986
2006-07-26,158558.1099532
2006-07-27,152975.94529529999
2006-07-28,136307.2024786
2006-07-31,190423.9970145
2006-08-02,163797.2980987
2006-08-03,153645.779161
2006-08-04,145488.8401544
2006-08-07,155768.5747582
2006-08-08,133657.0411729
2006-08-09,123732.3985673
2006-08-10,134245.5402094
2006-08-11,134782.4792131
2006-08-14,151258.8878002
2006-08-15,136426.0014476
2006-08-16,129141.4970818
2006-08-17,145745.632926
2006-08-18,139878.95273360002
2006-08-21,156346.3795561
2006-08-22,138260.4455197
2006-08-23,139348.57646570003
2006-08-24,153635.3328011
2006-08-25,152520.63662089998
2006-08-28,147344.84424560002
2006-08-29,120414.51910630001
2006-08-30,128369.30250769999
2006-08-31,178215.60248779997
2006-09-01,146134.5584591
2006-09-04,93281.537335
2006-09-05,163185.339789
2006-09-06,137810.8815327
2006-09-07,146396.1697211
2006-09-08,145588.14216370002
2006-09-11,151286.2996988
2006-09-12,140013.0917559
2006-09-13,135891.92272139998
2006-09-14,148306.7398991
2006-09-15,167262.245568
2006-09-18,170715.9848209
2006-09-19,150569.1007482
2006-09-20,228607.21011679998
2006-09-21,166365.3803814
2006-09-22,141536.1262821
2006-09-25,175072.1801373
2006-09-26,153215.96259520002
2006-09-27,150929.01242060002
2006-09-28,163457.957688
2006-09-29,208998.33539670001
2006-10-02,167267.5006344
2006-10-03,145710.34265039998
2006-10-04,160444.4116165
2006-10-05,142034.9097285
2006-10-06,158471.2359121
2006-10-09,86321.3959973
2006-10-10,166109.7159404
2006-10-11,148974.3614985
2006-10-12,157227.144791
2006-10-13,154333.6064356
2006-10-16,171658.612602
2006-10-17,132744.5705886
2006-10-18,149909.97659960002
2006-10-19,142325.79434579998
2006-10-20,151200.0900045
2006-10-23,162495.7909239
2006-10-24,135692.4579027
2006-10-25,154887.1122689
2006-10-26,142451.88804420002
2006-10-27,143677.5378856
2006-10-30,152566.30716620001
2006-10-31,171305.970208
2006-11-01,146733.66646729998
2006-11-02,143569.7134899
2006-11-03,154733.71044579998
2006-11-06,175616.0932114
2006-11-07,151998.4024594
2006-11-08,140677.3230935
2006-11-09,157437.79987370002
2006-11-10,152616.80632
2006-11-13,158505.43050729999
2006-11-14,146985.88469439998
2006-11-15,139307.9140425
2006-11-16,162854.3475991
2006-11-17,167210.2408909
2006-11-20,173465.7688009
2006-11-21,171920.5544827
2006-11-22,162221.7376166
2006-11-23,99463.0794516
2006-11-24,193599.05659020002
2006-11-27,174443.8817976
2006-11-28,165513.7060375
2006-11-29,154853.220317
2006-11-30,210870.2009108
2006-12-01,171675.3615919
2006-12-04,175648.8507067
2006-12-05,164212.9785713
2006-12-06,164069.685775
2006-12-07,173976.92983920002
2006-12-08,158674.636064
2006-12-11,171509.70013120002
2006-12-12,153218.87295179997
2006-12-13,171741.4472089
2006-12-14,172142.6125911
2006-12-15,197283.7579679
2006-12-18,224868.71117370002
2006-12-19,179725.1599497
2006-12-20,304270.8483886
2006-12-21,188894.710088
2006-12-22,191588.099308
2006-12-27,183623.05972579998
2006-12-28,165025.5332954
2006-12-29,217634.2822083
2007-01-03,187741.1521933
2007-01-04,168188.0424248
2007-01-05,200939.5092263
2007-01-08,203642.2450965
2007-01-09,157475.1668185
2007-01-10,173984.06005220002
2007-01-11,161301.387328
2007-01-12,160783.3793058
2007-01-15,108572.9388047
2007-01-16,190034.5759711
2007-01-17,161867.0832587
2007-01-18,176818.6496225
2007-01-19,163405.2259588
2007-01-22,206283.2780317
2007-01-23,166146.6260371
2007-01-24,168721.1350617
2007-01-25,177109.3357348
2007-01-26,160359.91004810002
2007-01-29,181137.7837003
2007-01-30,177816.7943635
2007-01-31,202716.87652370002
2007-02-01,170993.556905
2007-02-02,170596.0140431
2007-02-05,190626.1430449
2007-02-06,156973.09187889998
2007-02-07,160788.7917383
2007-02-08,188886.9358695
2007-02-09,176048.98706070002
2007-02-12,179472.1185676
2007-02-13,164913.3860213
2007-02-14,169460.3892094
2007-02-15,189874.49008760002
2007-02-16,181334.9738433
2007-02-19,116797.392812
2007-02-20,191419.79397179998
2007-02-21,174344.859176
2007-02-22,196423.7991858
2007-02-23,181280.73454779998
2007-02-26,174126.043266
2007-02-27,165842.2810925
2007-02-28,251216.35664739998
2007-03-01,226040.6981112
2007-03-02,210851.89151729998
2007-03-05,214454.3509806
2007-03-06,218118.88587129998
2007-03-07,191630.0675209
2007-03-08,201092.68033079998
2007-03-09,215829.9216641
2007-03-12,247157.1288002
2007-03-13,214685.6266791
2007-03-14,171961.4348981
2007-03-15,206823.0198864
2007-03-16,186006.9146444
2007-03-19,195357.96796120002
2007-03-20,222349.0009621
2007-03-21,268232.6622788
2007-03-22,209275.4421795
2007-03-23,201135.4300357
2007-03-26,192292.4512625
2007-03-27,199846.93268579998
2007-03-28,167223.7792663
2007-03-29,185282.0743604
2007-03-30,271873.590418
2007-04-02,189322.5706178
2007-04-03,175824.5599589
2007-04-04,199974.4407098
2007-04-05,208704.2467505
2007-04-10,229768.2430586
2007-04-11,211368.09090110002
2007-04-12,231762.4012511
2007-04-13,205535.7055439
2007-04-16,241446.1158679
2007-04-17,195755.870024
2007-04-18,187412.0037429
2007-04-19,206094.4960844
2007-04-20,223471.50003479997
2007-04-23,230897.07145
2007-04-24,174204.83582429998
2007-04-25,218783.6757406
2007-04-26,242115.5245989
2007-04-27,243620.00080329998
2007-04-30,270088.2541186
2007-05-02,233297.93871
2007-05-03,195795.08334679998
2007-05-04,220570.9101766
2007-05-07,189714.9040415
2007-05-08,181448.80768370003
2007-05-09,184696.77079510002
2007-05-10,207466.9577463
2007-05-11,205056.8055086
2007-05-14,228494.471808
2007-05-15,190928.94595720002
2007-05-16,182180.939178
2007-05-18,224021.03724089998
2007-05-21,241402.0367109
2007-05-22,186111.0304415
2007-05-23,230087.1171284
2007-05-24,193007.4126368
2007-05-25,212190.1377675
2007-05-29,232187.4156027
2007-05-30,183977.10011929998
2007-05-31,218687.84918929997
2007-06-01,191655.4864291
2007-06-04,188873.70730829999
2007-06-05,197495.58114929998
2007-06-06,199188.4185314
2007-06-07,171767.7807797
2007-06-08,211434.07600220002
2007-06-11,212697.3164601
2007-06-12,180301.0598769
2007-06-13,176878.2798846
2007-06-14,202962.48928829998
2007-06-15,197725.8676157
2007-06-18,217293.4134198
2007-06-19,180856.8108235
2007-06-20,320383.267728
2007-06-21,203831.413837
2007-06-22,194102.3096943
2007-06-25,208245.0123772
2007-06-26,200092.1670733
2007-06-27,190289.0336996
2007-06-28,170084.3726994
2007-06-29,237861.3571845
2007-07-02,183905.2135393
2007-07-03,178288.848011
2007-07-04,126836.1699155
2007-07-05,211534.5981075
2007-07-06,168778.7896721
2007-07-09,168519.8881789
2007-07-10,176481.990795
2007-07-11,159959.8752825
2007-07-12,166717.8167538
2007-07-13,176734.141031
2007-07-16,184936.13378570002
2007-07-17,165929.816224
2007-07-18,172774.6796513
2007-07-19,178972.6086588
2007-07-20,173447.9484223
2007-07-23,196694.1103601
2007-07-24,179434.261932
2007-07-25,202597.0488824
2007-07-26,186503.0152384
2007-07-27,207437.5454384
2007-07-30,213632.27182239998
2007-07-31,222295.7448241
2007-08-02,210929.8847944
2007-08-03,185192.761932
2007-08-06,200244.487752
2007-08-07,189980.2003258
2007-08-08,173793.8508491
2007-08-09,179720.2221018
2007-08-10,182704.5989327
2007-08-13,196257.9014179
2007-08-14,184116.787819
2007-08-15,172317.6263242
2007-08-16,181781.31978289998
2007-08-17,176396.7974286
2007-08-20,204392.06108060002
2007-08-21,189675.73370789998
2007-08-22,180500.4057904
2007-08-23,197549.266789
2007-08-24,189337.0474264
2007-08-27,194765.84670370002
2007-08-28,179051.2816804
2007-08-29,164940.301895
2007-08-30,188257.4010883
2007-08-31,230499.4764036
2007-09-03,126619.09069560001
2007-09-04,212092.42408179998
2007-09-05,176767.4297082
2007-09-06,179043.6565165
2007-09-07,192316.841358
2007-09-10,195895.0371668
2007-09-11,192445.01662029998
2007-09-12,173182.50171860002
2007-09-13,214247.55210929998
2007-09-14,197514.5052213
2007-09-17,186543.6198173
2007-09-18,182200.444929
2007-09-19,228996.5957012
2007-09-20,199975.562481
2007-09-21,199253.9613734
2007-09-24,205607.4788085
2007-09-25,188712.3230736
2007-09-26,206760.75644270002
2007-09-27,214028.37006679998
2007-09-28,267844.4419559
2007-10-01,186163.8403554
2007-10-02,183267.0000794
2007-10-03,171989.8343102
2007-10-04,185514.3754595
2007-10-05,200579.9613621
2007-10-08,110757.5630785
2007-10-09,198397.96395270003
2007-10-10,178676.26365870002
2007-10-11,180941.937283
2007-10-12,185377.2556554
2007-10-15,182725.78702329998
2007-10-16,168649.7702424
2007-10-17,190140.5016209
2007-10-18,194338.80713079998
2007-10-19,193959.7142516
2007-10-22,186352.6139949
2007-10-23,179273.2558695
2007-10-24,197622.4897041
2007-10-25,197077.10826470001
2007-10-26,181730.22418639998
2007-10-29,206547.21144870002
2007-10-30,186936.1479766
2007-10-31,222783.5381336
2007-11-01,173647.3402229
2007-11-02,182230.2335864
2007-11-05,199989.72562779998
2007-11-06,194986.9661474
2007-11-07,182925.1749604
2007-11-08,177869.92248389998
2007-11-09,189395.47002789998
2007-11-12,109008.2480948
2007-11-13,224948.4354336
2007-11-14,181138.13927
2007-11-15,204668.82787970002
2007-11-16,192760.9879006
2007-11-19,194649.1074917
2007-11-20,175113.2854597
2007-11-21,184694.6090618
2007-11-22,121981.5549294
2007-11-23,220253.5870545
2007-11-26,213988.2463495
2007-11-27,170674.8496492
2007-11-28,183900.7838081
2007-11-29,210558.526299
2007-11-30,244203.84583620002
2007-12-03,201001.3681153
2007-12-04,187711.3566117
2007-12-05,187119.9651449
2007-12-06,208109.73482679998
2007-12-07,204807.8513885
2007-12-10,199116.8345236
2007-12-11,170961.70458720002
2007-12-12,172376.78066020002
2007-12-13,184370.2273451
2007-12-14,203958.231931
2007-12-17,212272.1068792
2007-12-18,196103.173243
2007-12-19,236839.304268
2007-12-20,191013.29008270003
2007-12-21,207156.1246134
2007-12-24,166878.965986
2007-12-27,210212.9010275
2007-12-28,247436.0222152
2007-12-31,212700.273432
2008-01-03,219897.77953879998
2008-01-04,211583.2922035
2008-01-07,235003.5840026
2008-01-08,214896.3024912
2008-01-09,183875.21108039998
2008-01-10,202762.43995539998
2008-01-11,204829.49851839998
2008-01-14,219933.5475515
2008-01-15,208305.3519232
2008-01-16,189316.33340570002
2008-01-17,208179.54871839998
2008-01-18,196199.8176871
2008-01-21,140564.810071
2008-01-22,224619.84002139998
2008-01-23,192992.6961126
2008-01-24,228453.9522519
2008-01-25,222521.0339501
2008-01-28,209053.5691705
2008-01-29,196085.67656579998
2008-01-30,202118.9919866
2008-01-31,249297.795956
2008-02-01,195961.4239264
2008-02-04,210959.8788986
2008-02-05,203951.4393651
2008-02-06,194746.6809806
2008-02-07,209991.3711776
2008-02-08,193839.5395396
2008-02-11,211496.6397317
2008-02-12,198663.812856
2008-02-13,179332.90349929998
2008-02-14,195940.1889867
2008-02-15,215160.6135518
2008-02-18,127185.512601
2008-02-19,234651.5518735
2008-02-20,193429.5416113
2008-02-21,198177.62230370002
2008-02-22,204204.2512884
2008-02-25,218486.27414310002
2008-02-26,192221.0721453
2008-02-27,188384.1386668
2008-02-28,198947.50908420002
2008-02-29,247061.159813
2008-03-03,217679.8876289
2008-03-04,224975.35754720002
2008-03-05,225861.6449324
2008-03-06,208766.46236779998
2008-03-07,253148.240544
2008-03-10,222684.187064
2008-03-11,215763.043324
2008-03-12,211750.6998645
2008-03-13,205953.9100302
2008-03-14,202770.2009334
2008-03-17,233814.9140925
2008-03-18,220738.8614564
2008-03-19,280778.1707737
2008-03-20,237254.41384879997
2008-03-25,273490.045485
2008-03-26,244503.90734489998
2008-03-27,296751.2070005
2008-03-28,242081.9099051
2008-03-31,287467.8355054
2008-04-01,221015.7095794
2008-04-02,216323.0867814
2008-04-03,239694.064583
2008-04-04,264804.1601476
2008-04-07,261377.1732031
2008-04-08,221380.3199553
2008-04-09,209621.6748375
2008-04-10,221853.9194337
2008-04-11,236117.0610353
2008-04-14,241587.24217679998
2008-04-15,220744.60588229998
2008-04-16,219210.06381289999
2008-04-17,211356.54796589998
2008-04-18,226552.2973341
2008-04-21,218827.5619036
2008-04-22,194634.57510289998
2008-04-23,193031.8595659
2008-04-24,209646.26469679998
2008-04-25,239828.63787839998
2008-04-28,226324.3909055
2008-04-29,207339.1956306
2008-04-30,270402.8066908
2008-05-02,263172.3360606
2008-05-05,226503.2664775
2008-05-06,227263.32235960002
2008-05-07,226632.3914356
2008-05-08,198523.7286392
2008-05-09,220971.47655
2008-05-13,266864.8884436
2008-05-14,218770.7049137
2008-05-15,208403.36569439998
2008-05-16,214744.3501394
2008-05-19,204203.8581642
2008-05-20,192925.6178657
2008-05-21,196527.4382438
2008-05-22,188194.8714449
2008-05-23,199180.6749515
2008-05-26,110173.657921
2008-05-27,223118.80416179998
2008-05-28,193614.9609505
2008-05-29,221695.249334
2008-05-30,261306.6794043
2008-06-02,207134.2298095
2008-06-03,220802.4351424
2008-06-04,197905.35749189998
2008-06-05,201099.2115351
2008-06-06,216762.0500764
2008-06-09,198263.1163835
2008-06-10,197088.593874
2008-06-11,186477.7296817
2008-06-12,196528.3997623
2008-06-13,196563.57838579998
2008-06-16,211526.00138270002
2008-06-17,212140.1518726
2008-06-18,206710.0936149
2008-06-19,190987.7619224
2008-06-20,184106.5441233
2008-06-23,200692.3186917
2008-06-24,170796.4693538
2008-06-25,255871.4344935
2008-06-26,209890.8420384
2008-06-27,222588.32117860002
2008-06-30,306552.81606840005
2008-07-01,228014.94699370002
2008-07-02,247238.8853331
2008-07-03,235330.32866139998
2008-07-04,155360.9713019
2008-07-07,262268.7044715
2008-07-08,193527.316477
2008-07-09,208783.616986
2008-07-10,208359.0158576
2008-07-11,204611.7162697
2008-07-14,217319.9713194
2008-07-15,197346.1675733
2008-07-16,231664.9578324
2008-07-17,195255.9089712
2008-07-18,194743.5989025
2008-07-21,203491.0454952
2008-07-22,177708.92353610002
2008-07-23,200809.67631920002
2008-07-24,187659.74670760002
2008-07-25,191911.30381470002
2008-07-28,202275.30880139998
2008-07-29,184486.895428
2008-07-30,180807.4520963
2008-07-31,231076.68261279998
2008-08-04,226272.8769042
2008-08-05,204745.1160447
2008-08-06,204399.2389616
2008-08-07,206805.4629366
2008-08-08,187054.7003865
2008-08-11,204857.0766965
2008-08-12,182151.6055869
2008-08-13,180908.6123806
2008-08-14,188474.153513
2008-08-15,185440.4672085
2008-08-18,216359.4894541
2008-08-19,166400.9402485
2008-08-20,171825.36908839998
2008-08-21,168485.46953960002
2008-08-22,187998.2175195
2008-08-25,180539.2053303
2008-08-26,161894.3037674
2008-08-27,173333.0017397
2008-08-28,197212.1938262
2008-08-29,241222.63126770002
2008-09-01,126977.5909919
2008-09-02,195632.7863375
2008-09-03,187396.1876015
2008-09-04,179353.86453989998
2008-09-05,210630.0869983
2008-09-08,219170.80313679998
2008-09-09,168887.37417579998
2008-09-10,187014.6399793
2008-09-11,197986.7689805
2008-09-12,186326.79740039998
2008-09-15,244779.3272967
2008-09-16,218389.2591991
2008-09-17,269456.9350442
2008-09-18,240870.4032967
2008-09-19,247442.075798
2008-09-22,230014.5353362
2008-09-23,208583.6323755
2008-09-24,236176.9298324
2008-09-25,246717.9464089
2008-09-26,222649.7139127
2008-09-29,233772.1041153
2008-09-30,245461.6153205
2008-10-01,207570.8337695
2008-10-02,219695.43497620002
2008-10-03,223160.5276236
2008-10-06,224464.3315325
2008-10-07,221398.7652793
2008-10-08,204827.2882371
2008-10-09,206609.1422063
2008-10-10,244538.1320415
2008-10-13,156903.695218
2008-10-14,242969.9301442
2008-10-15,235399.2992191
2008-10-16,221944.4254638
2008-10-17,219850.3763456
2008-10-20,233554.3849947
2008-10-21,197175.1472279
2008-10-22,258832.4748512
2008-10-23,215369.9797693
2008-10-24,220686.9107991
2008-10-27,204921.4373317
2008-10-28,168577.154089
2008-10-29,308063.6519961
2008-10-30,182162.810111
2008-10-31,233568.58068460002
2008-11-03,205345.54341729998
2008-11-04,184589.0034919
2008-11-05,276319.4366515
2008-11-06,194630.5838021
2008-11-07,209754.359874
2008-11-10,203509.0657249
2008-11-11,119765.3926543
2008-11-12,261582.03922489999
2008-11-13,168776.52429610002
2008-11-14,219510.727233
2008-11-17,212387.8064485
2008-11-18,175820.4944301
2008-11-19,202505.3209004
2008-11-20,178752.5709054
2008-11-21,188639.1746959
2008-11-24,173278.4126305
2008-11-25,164697.0043199
2008-11-26,205266.6963209
2008-11-27,93452.0483805
2008-11-28,269267.5580405
2008-12-01,142633.1966265
2008-12-02,129870.5314623
2008-12-03,190755.2183558
2008-12-04,149004.99346189998
2008-12-05,193175.00229779998
2008-12-08,155970.3304445
2008-12-09,145425.4084552
2008-12-10,224815.420914
2008-12-11,157749.84019420002
2008-12-12,181210.1738
2008-12-15,256510.4005395
2008-12-16,139517.0285929
2008-12-17,248689.4481836
2008-12-18,161589.1136549
2008-12-19,159716.271724
2008-12-22,182576.2153841
2008-12-23,168360.83235570003
2008-12-24,196157.9299025
2008-12-29,178471.6048185
2008-12-30,187124.4610518
2008-12-31,176885.1660045
2009-01-05,203820.2081554
2009-01-06,134625.2432198
2009-01-07,260409.06490579998
2009-01-08,164240.7049774
2009-01-09,144457.07550910002
2009-01-12,168555.8021249
2009-01-13,136809.24652339998
2009-01-14,224908.02790629998
2009-01-15,169142.6138751
2009-01-16,155977.7308929
2009-01-19,103850.9437624
2009-01-20,189575.5565649
2009-01-21,274435.793379
2009-01-22,160877.6271845
2009-01-23,166823.09225810002
2009-01-26,158599.2830301
2009-01-27,147143.8650543
2009-01-28,249903.2553078
2009-01-29,166323.2790041
2009-01-30,214382.7895751
2009-02-02,177142.7687495
2009-02-03,166194.5834702
2009-02-04,309290.4727479
2009-02-05,186387.67089570002
2009-02-06,169260.7208374
2009-02-09,175438.254648
2009-02-10,173460.914154
2009-02-11,327142.19273340004
2009-02-12,196830.23093229998
2009-02-13,171011.9427112
2009-02-16,102456.2507829
2009-02-17,180626.17888020002
2009-02-18,275042.9232434
2009-02-19,153587.6055996
2009-02-20,159288.7629277
2009-02-23,157636.23004979998
2009-02-24,142352.8607857
2009-02-25,278442.7728484
2009-02-26,147308.3581186
2009-02-27,215720.10183079998
2009-03-02,152670.22204239998
2009-03-03,137677.0336426
2009-03-04,290960.9480578
2009-03-05,168898.8739225
2009-03-06,166534.43472929997
2009-03-09,174919.39637829998
2009-03-10,155267.325398
2009-03-11,278935.7632194
2009-03-12,172349.3640763
2009-03-13,154923.7294607
2009-03-16,207442.99165510002
2009-03-17,168982.3334542
2009-03-18,313997.226571
2009-03-19,161422.5291976
2009-03-20,170308.6180092
2009-03-23,190798.57594439999
2009-03-24,135776.8714258
2009-03-25,302466.8073321
2009-03-26,169508.7561261
2009-03-27,152528.5867249
2009-03-30,157685.81069629997
2009-03-31,180679.083989
2009-04-01,296097.25491390005
2009-04-02,130939.8467308
2009-04-03,152700.3289356
2009-04-06,174842.7068797
2009-04-07,151785.47683939998
2009-04-08,284830.9906743
2009-04-09,168180.6044929
2009-04-14,193357.6208071
2009-04-15,257909.8921789
2009-04-16,168857.24084920002
2009-04-17,140865.6637983
2009-04-20,164056.06640170002
2009-04-21,143649.4900968
2009-04-22,278182.43566990003
2009-04-23,153507.6575253
2009-04-24,177344.99923
2009-04-27,175035.2889449
2009-04-28,146657.45556970002
2009-04-29,251323.49960439999
2009-04-30,198646.3704925
2009-05-04,163551.192459
2009-05-05,151007.7401435
2009-05-06,277912.3979434
2009-05-07,157480.2155561
2009-05-08,165640.3974556
2009-05-11,174644.4970946
2009-05-12,132696.4271526
2009-05-13,272884.5753618
2009-05-14,152103.66048289998
2009-05-15,127251.6417321
2009-05-18,153722.75364570002
2009-05-19,132234.9414741
2009-05-20,280782.36249790003
2009-05-22,138833.4653275
2009-05-25,109796.05610389999
2009-05-26,160265.8161883
2009-05-27,290403.4465626
2009-05-28,135629.7021235
2009-05-29,176507.20558429998
2009-06-02,168245.3269279
2009-06-03,274873.10824729997
2009-06-04,168251.3147095
2009-06-05,158047.8199579
2009-06-08,155356.0160519
2009-06-09,132235.0155762
2009-06-10,266715.63001729996
2009-06-11,143338.24893560002
2009-06-12,138153.6796417
2009-06-15,160607.75235020003
2009-06-16,128632.311091
2009-06-17,213967.6105563
2009-06-18,161977.5729422
2009-06-19,144177.9680467
2009-06-22,155595.84599529998
2009-06-23,135890.3149397
2009-06-24,240273.70477
2009-06-25,164977.36715570002
2009-06-26,193512.84260910001
2009-06-29,136529.2401726
2009-06-30,162316.9658147
2009-07-01,207057.27964310002
2009-07-02,145610.1780864
2009-07-03,126395.3081447
2009-07-06,133397.515621
2009-07-07,105569.6112181
2009-07-08,194552.7333819
2009-07-09,111448.4916032
2009-07-10,112596.4424786
2009-07-13,113213.2322486
2009-07-14,110447.0102125
2009-07-15,211317.01454889998
2009-07-16,113212.4868252
2009-07-17,113830.1681099
2009-07-20,124988.9324679
2009-07-21,96872.1041158
2009-07-22,212564.8859554
2009-07-23,119270.7442426
2009-07-24,121438.7289734
2009-07-27,120948.5493755
2009-07-28,111593.6507894
2009-07-29,185504.96629820002
2009-07-30,111092.0275558
2009-07-31,138783.0405471
2009-08-03,117562.8774034
2009-08-04,102759.07567769999
2009-08-05,164390.9788109
2009-08-06,130594.5149267
2009-08-07,117800.8987242
2009-08-10,121780.3508799
2009-08-11,101327.8359475
2009-08-12,163335.8997495
2009-08-13,106420.9234607
2009-08-14,114274.24549789999
2009-08-17,120803.9577378
2009-08-18,94591.82767489999
2009-08-19,161633.44241410002
2009-08-20,108031.8762328
2009-08-21,104694.91810730001
2009-08-24,118930.2881015
2009-08-25,128665.47646660001
2009-08-26,158129.8712015
2009-08-27,97296.5411876
2009-08-28,120739.24520810001
2009-08-31,123381.5650398
2009-09-01,119628.113209
2009-09-02,146665.6228064
2009-09-03,110901.5728723
2009-09-04,98669.8601625
2009-09-07,60497.307614800004
2009-09-08,137035.7816018
2009-09-09,142703.33224629998
2009-09-10,117467.7118469
2009-09-11,102697.9554983
2009-09-14,116376.28856389999
2009-09-15,111690.9645327
2009-09-16,164222.9308055
2009-09-17,113908.32757139999
2009-09-18,108600.8305915
2009-09-21,120089.394832
2009-09-22,123715.50887610001
2009-09-23,193237.8827249
2009-09-24,117910.4586041
2009-09-25,114879.4617651
2009-09-28,121838.16659489999
2009-09-29,117895.4053596
2009-09-30,191526.0300139
2009-10-01,143716.6882119
2009-10-02,140412.9583953
2009-10-05,109533.618997
2009-10-06,109062.60410869999
2009-10-07,168376.4393124
2009-10-08,118697.8649828
2009-10-09,117898.20110739999
2009-10-12,64477.1587839
2009-10-13,117330.9916886
2009-10-14,180278.061493
2009-10-15,105905.9500372
2009-10-16,103045.9922697
2009-10-19,111653.4515348
2009-10-20,100975.8357327
2009-10-21,175891.3327846
2009-10-22,115028.8586482
2009-10-23,123137.6551421
2009-10-26,104750.97681569999
2009-10-27,113223.2829796
2009-10-28,178680.27586229998
2009-10-29,104821.3706396
2009-10-30,157069.8242639
2009-11-02,126464.1830119
2009-11-03,106453.6370702
2009-11-04,173004.2070259
2009-11-05,113514.6913812
2009-11-06,122807.493389
2009-11-09,124769.25695930001
2009-11-10,125386.9414075
2009-11-11,131281.1742705
2009-11-12,113046.6271284
2009-11-13,107948.896739
2009-11-16,134895.6003594
2009-11-17,104663.41504569999
2009-11-18,179546.39294760002
2009-11-19,121416.1062385
2009-11-20,128225.7648266
2009-11-23,121018.0252507
2009-11-24,118647.8367154
2009-11-25,187455.4772969
2009-11-26,73552.7002011
2009-11-27,145274.3031201
2009-11-30,193924.04566670003
2009-12-01,142863.8645666
2009-12-02,181847.94147420002
2009-12-03,128786.8726775
2009-12-04,122048.0646316
2009-12-07,127909.0541435
2009-12-08,133238.9375123
2009-12-09,193818.0273365
2009-12-10,137369.9228128
2009-12-11,123321.5417198
2009-12-14,122131.79677160001
2009-12-15,132375.6713953
2009-12-16,191529.0578195
2009-12-17,141360.9396722
2009-12-18,130628.3190098
2009-12-21,134881.120352
2009-12-22,125973.1064571
2009-12-23,208991.4565189
2009-12-24,120277.6948546
2009-12-28,125502.8723412
2009-12-29,134200.4573817
2009-12-30,168493.0865374
2009-12-31,135149.971124
2010-01-04,146302.4772932
2010-01-05,111744.2315733
2010-01-06,172943.5777865
2010-01-07,142334.4633355
2010-01-08,140959.5936189
2010-01-11,131805.5994291
2010-01-12,124616.1242401
2010-01-13,168718.2595137
2010-01-14,130661.7185809
2010-01-15,146134.5668103
2010-01-18,86985.781178
2010-01-19,150074.545788
2010-01-20,198638.93092460002
2010-01-21,125088.0487535
2010-01-22,115540.8012588
2010-01-25,132099.6851185
2010-01-26,118655.4121187
2010-01-27,157011.3031452
2010-01-28,133735.869778
2010-01-29,169017.50548420002
2010-02-01,137822.6075368
2010-02-02,121483.673014
2010-02-03,157629.98298570001
2010-02-04,119672.9619667
2010-02-05,126758.0028664
2010-02-08,140597.54438329997
2010-02-09,130111.09327960001
2010-02-10,166852.3956538
2010-02-11,113368.18770960001
2010-02-12,128180.40840989999
2010-02-15,79764.5670196
2010-02-16,154350.79739360002
2010-02-17,149508.50144310002
2010-02-18,111089.3970166
2010-02-19,118290.5658708
2010-02-22,133750.979754
2010-02-23,130353.1946366
2010-02-24,205707.2986555
2010-02-25,164693.1684264
2010-02-26,189004.04666770002
2010-03-01,146121.1228411
2010-03-02,120779.8859662
2010-03-03,162880.1079033
2010-03-04,129657.2126081
2010-03-05,148636.8636635
2010-03-08,144687.8830249
2010-03-09,134809.2875944
2010-03-10,163427.0253939
2010-03-11,140819.6672124
2010-03-12,133999.9543588
2010-03-15,138787.2626318
2010-03-16,130939.6255431
2010-03-17,169364.5057845
2010-03-18,123368.0011053
2010-03-19,117179.4622103
2010-03-22,140901.11088639998
2010-03-23,132318.1507053
2010-03-24,199735.5644882
2010-03-25,141282.58042410002
2010-03-26,117627.71878380001
2010-03-29,123088.0566105
2010-03-30,129263.3357557
2010-03-31,207873.0696119
2010-04-01,147602.7650124
2010-04-06,183515.65838110002
2010-04-07,192552.4114163
2010-04-08,147613.24992489998
2010-04-09,139507.71806729998
2010-04-12,134342.9047214
2010-04-13,122583.08402489999
2010-04-14,176749.1937899
2010-04-15,127572.8007159
2010-04-16,124378.6927881
2010-04-19,127419.1298083
2010-04-20,122622.02762260001
2010-04-21,205490.5712607
2010-04-22,128908.94007960001
2010-04-23,135736.5476342
2010-04-26,134397.9927561
2010-04-27,125063.1657992
2010-04-28,194067.9072129
2010-04-29,125029.6218559
2010-04-30,164720.1670289
2010-05-03,113468.6569145
2010-05-04,114854.444047
2010-05-05,187320.42724470003
2010-05-06,141345.46710520002
2010-05-07,149046.6410467
2010-05-10,163323.964396
2010-05-11,118980.9954098
2010-05-12,230571.562393
2010-05-14,143175.4794537
2010-05-17,125759.0197921
2010-05-18,109664.7834087
2010-05-19,251628.7286724
2010-05-20,135195.9686971
2010-05-21,149502.7846595
2010-05-25,166027.6875044
2010-05-26,260266.20752260002
2010-05-27,119195.68657260001
2010-05-28,162978.45988120002
2010-05-31,78300.743458
2010-06-01,122334.8296762
2010-06-02,184720.1425634
2010-06-03,100075.5671878
2010-06-04,105531.0824486
2010-06-07,122072.08244869999
2010-06-08,109010.96627830001
2010-06-09,188696.7688405
2010-06-10,125876.8665498
2010-06-11,135658.6064101
2010-06-14,119700.9487813
2010-06-15,124231.831044
2010-06-16,196636.8712101
2010-06-17,103285.8981241
2010-06-18,124672.25936530001
2010-06-21,120664.4430593
2010-06-22,105348.60124739999
2010-06-23,279657.7203789
2010-06-24,119062.7767434
2010-06-25,133363.18344619998
2010-06-28,139906.8901725
2010-06-29,117423.7027852
2010-06-30,297802.78267509997
2010-07-01,119809.7551047
2010-07-02,115180.3630133
2010-07-05,75402.3240646
2010-07-06,131522.99789139998
2010-07-07,137851.6008981
2010-07-08,106256.8017842
2010-07-09,116066.9223334
2010-07-12,210737.3150082
2010-07-13,115221.56375080001
2010-07-14,135793.1217354
2010-07-15,140212.6303565
2010-07-16,132149.4392392
2010-07-19,158261.77551479999
2010-07-20,114206.7099518
2010-07-21,121726.00340439999
2010-07-22,129013.0969144
2010-07-23,132438.9560597
2010-07-26,180125.14698710002
2010-07-27,121192.6715943
2010-07-28,122647.2701309
2010-07-29,143682.642686
2010-07-30,161980.2187166
2010-08-02,158180.0483277
2010-08-03,97368.303932
2010-08-04,105910.90029589999
2010-08-05,100844.0067975
2010-08-06,111816.0843738
2010-08-09,197948.2300987
2010-08-10,113173.79934869999
2010-08-11,123802.74977519999
2010-08-12,112127.59374089999
2010-08-13,111189.31499089999
2010-08-16,189691.0064651
2010-08-17,102819.91843539999
2010-08-18,104738.3528758
2010-08-19,115828.84571410001
2010-08-20,108333.366173
2010-08-23,194330.6229554
2010-08-24,102543.0301301
2010-08-25,120619.76747569999
2010-08-26,119103.31746860001
2010-08-27,119798.6934993
2010-08-30,209912.8252324
2010-08-31,168898.8773782
2010-09-01,150809.22051470002
2010-09-02,135737.7605884
2010-09-03,132551.5959051
2010-09-06,153135.7825314
2010-09-07,144620.89924189998
2010-09-08,124870.6481265
2010-09-09,121409.0353901
2010-09-10,117944.29541139999
2010-09-13,186790.2034285
2010-09-14,112479.312122
2010-09-15,132431.3757783
2010-09-16,126595.8559583
2010-09-17,121292.7221121
2010-09-20,237219.6712169
2010-09-21,119199.1592926
2010-09-22,129976.576103
2010-09-23,120811.0903278
2010-09-24,130788.3485075
2010-09-27,229336.6276479
2010-09-28,120437.6030081
2010-09-29,119547.8654737
2010-09-30,180610.57170670002
2010-10-01,138865.33898210002
2010-10-04,205702.63238670002
2010-10-05,123872.6627688
2010-10-06,127299.09991339999
2010-10-07,119471.7416094
2010-10-08,131598.4942075
2010-10-11,130715.54624760001
2010-10-12,141520.61677579998
2010-10-13,118646.1633838
2010-10-14,137785.83055070002
2010-10-15,144086.4170499
2010-10-18,261300.6237039
2010-10-19,106854.4997496
2010-10-20,127617.2067852
2010-10-21,112945.1559612
2010-10-22,119210.0011118
2010-10-25,202844.831698
2010-10-26,120808.2250345
2010-10-27,135939.3747482
2010-10-28,125294.632666
2010-10-29,169443.0019411
2010-11-01,194069.4199249
2010-11-02,115840.0290122
2010-11-03,130275.3515604
2010-11-04,119548.0284507
2010-11-05,116685.5685459
2010-11-08,198381.8490778
2010-11-09,112612.79567739999
2010-11-10,128502.1415799
2010-11-11,80665.02175439999
2010-11-12,127344.2322862
2010-11-15,243929.67318729998
2010-11-16,130324.5309905
2010-11-17,112612.5241751
2010-11-18,115120.0283795
2010-11-19,120532.8135315
2010-11-22,200316.27062770003
2010-11-23,111632.8972607
2010-11-24,124277.62957769999
2010-11-25,101070.7954993
2010-11-26,142243.1152265
2010-11-29,215551.3293551
2010-11-30,151448.38758379998
2010-12-01,143090.29435860002
2010-12-02,135665.038264
2010-12-03,150805.20813870002
2010-12-06,193570.9900859
2010-12-07,115954.6868223
2010-12-08,119446.8902782
2010-12-09,125664.45638660001
2010-12-10,130288.88353030001
2010-12-13,217996.151693
2010-12-14,120204.45471660001
2010-12-15,163626.85748910002
2010-12-16,140687.20269379998
2010-12-17,142660.9945312
2010-12-20,227202.6659394
2010-12-21,135315.6323949
2010-12-22,179187.27714639998
2010-12-23,139597.2643117
2010-12-24,128213.8849493
2010-12-27,181642.126304
2010-12-28,95344.9768302
2010-12-29,116478.9486745
2010-12-30,123426.50757660001
2010-12-31,116512.3394542
2011-01-03,157886.2743699
2011-01-04,117650.67806139999
2011-01-05,112922.41826589999
2011-01-06,121424.3736661
2011-01-07,143188.6948003
2011-01-10,235825.41435839998
2011-01-11,117396.28658910001
2011-01-12,129027.0024695
2011-01-13,131259.319949
2011-01-14,127454.10604560001
2011-01-17,135734.0212017
2011-01-18,135794.8999406
2011-01-19,113705.2718065
2011-01-20,132127.3929177
2011-01-21,119425.9471666
2011-01-24,189911.7770264
2011-01-25,136655.5019328
2011-01-26,120163.60979619999
2011-01-27,134809.0896399
2011-01-28,134755.1894927
2011-01-31,234249.17712
2011-02-01,151177.08910739998
2011-02-02,127558.7310838
2011-02-03,124549.4940657
2011-02-04,121161.3265992
2011-02-07,205818.08678120002
2011-02-08,114668.4078527
2011-02-09,105910.8903731
2011-02-10,121004.0536305
2011-02-11,121008.8463173
2011-02-14,182834.4739769
2011-02-15,122889.7256321
2011-02-16,131225.2468667
2011-02-17,124848.9470441
2011-02-18,125392.3482105
2011-02-21,171245.718941
2011-02-22,161066.0075156
2011-02-23,148241.15946660002
2011-02-24,140675.2817541
2011-02-25,142825.22118820003
2011-02-28,242705.10738879998
2011-03-01,177265.3589691
2011-03-02,127154.93153860001
2011-03-03,137814.7608699
2011-03-04,126231.2490402
2011-03-07,191437.96469720002
2011-03-08,146708.23007579998
2011-03-09,130991.65989360001
2011-03-10,133089.7177266
2011-03-11,128710.47362539999
2011-03-14,210751.2944055
2011-03-15,140095.1757734
2011-03-16,142693.8119806
2011-03-17,132117.8320297
2011-03-18,133644.4993959
2011-03-21,190512.4085771
2011-03-22,133806.30839639998
2011-03-23,153860.1463116
2011-03-24,129869.8280736
2011-03-25,132379.885228
2011-03-28,175229.1476901
2011-03-29,121426.3914749
2011-03-30,127425.091928
2011-03-31,177615.2055285
2011-04-01,162668.6184581
2011-04-04,214758.3162227
2011-04-05,130989.3653701
2011-04-06,124294.4537919
2011-04-07,142826.0230591
2011-04-08,126493.49351510001
2011-04-11,190500.98323860002
2011-04-12,111671.4775795
2011-04-13,119245.7619026
2011-04-14,132275.5838731
2011-04-15,137947.4829991
2011-04-18,170602.12405739998
2011-04-19,119210.010972
2011-04-20,148790.4410742
2011-04-21,167296.94363320002
2011-04-26,211865.6230594
2011-04-27,128140.6921712
2011-04-28,152335.81494860002
2011-04-29,166199.4421756
2011-05-02,175457.5278315
2011-05-03,128747.8049571
2011-05-04,127226.3896201
2011-05-05,130575.11287319999
2011-05-06,144320.0823123
2011-05-09,178615.0929019
2011-05-10,121470.06561
2011-05-11,128447.5411684
2011-05-12,130540.7403438
2011-05-13,111464.0404343
2011-05-16,188034.7101829
2011-05-17,98354.2740444
2011-05-18,105574.4070356
2011-05-19,109166.3549513
2011-05-20,113027.72083630001
2011-05-23,164470.4020084
2011-05-24,111954.5076696
2011-05-25,136841.6131676
2011-05-26,124291.55521769999
2011-05-27,148514.31780289998
2011-05-30,129522.935305
2011-05-31,175797.71821
2011-06-01,137399.3752153
2011-06-03,140903.49024020002
2011-06-06,212721.1369633
2011-06-07,140739.5573934
2011-06-08,125134.9922915
2011-06-09,120138.1965017
2011-06-10,149178.2136132
2011-06-14,198641.2832784
2011-06-15,131872.2346948
2011-06-16,116117.0920869
2011-06-17,130282.191205
2011-06-20,161628.1558133
2011-06-21,117302.80280260001
2011-06-22,129494.9269746
2011-06-23,114532.6282122
2011-06-24,140715.6895704
2011-06-27,202161.726308
2011-06-28,127481.65908130001
2011-06-29,126366.7247952
2011-06-30,188661.1088057
2011-07-01,162298.9134613
2011-07-04,139775.3378265
2011-07-05,161834.81945
2011-07-06,126178.8928413
2011-07-07,135424.4218055
2011-07-08,130875.9929577
2011-07-11,166651.6338562
2011-07-12,117303.87022530001
2011-07-13,105545.23401819999
2011-07-14,116155.05374280001
2011-07-15,125529.217004
2011-07-18,172698.34080620002
2011-07-19,99678.90974060001
2011-07-20,111179.06256030001
2011-07-21,134175.8140083
2011-07-22,123758.634624
2011-07-25,168007.99624620003
2011-07-26,103866.4265976
2011-07-27,124844.8495255
2011-07-28,123614.43327010001
2011-07-29,161555.0152586
2011-08-02,161303.85722170002
2011-08-03,130028.07615780001
2011-08-04,139995.47306979998
2011-08-05,181326.3451089
2011-08-08,174961.0524976
2011-08-09,112548.014961
2011-08-10,164956.59344989998
2011-08-11,134683.52744489998
2011-08-12,199941.86739529998
2011-08-15,163038.8923955
2011-08-16,113731.4418381
2011-08-17,132613.303117
2011-08-18,119475.4213286
2011-08-19,129239.15393039999
2011-08-22,122727.5290467
2011-08-23,124717.5593968
2011-08-24,123925.9473401
2011-08-25,110359.7824328
2011-08-26,112806.5708446
2011-08-29,121862.4197339
2011-08-30,105557.7262315
2011-08-31,134720.7364427
2011-09-01,101709.9872956
2011-09-02,121611.2857055
2011-09-05,83192.7870399
2011-09-06,163647.0617088
2011-09-07,116723.75279760001
2011-09-08,133745.078738
2011-09-09,113729.4826717
2011-09-12,136806.4493965
2011-09-13,90696.8447013
2011-09-14,120702.4116093
2011-09-15,109197.6817897
2011-09-16,107267.4232953
2011-09-19,131965.37974489998
2011-09-20,119674.46321280001
2011-09-21,147199.23352329998
2011-09-22,128016.0243551
2011-09-23,143281.3526182
2011-09-26,148448.73473989998
2011-09-27,133991.4369473
2011-09-28,125326.0335112
2011-09-29,170481.8224927
2011-09-30,186988.8919837
2011-10-03,170803.9011136
2011-10-04,160498.1375375
2011-10-05,140784.4849475
2011-10-06,147589.74695429998
2011-10-07,127786.6473669
2011-10-10,85944.8599657
2011-10-11,160737.1993412
2011-10-12,138619.3494071
2011-10-13,124390.7736899
2011-10-14,112039.336462
2011-10-17,135470.4946726
2011-10-18,123324.5480375
2011-10-19,137642.0194105
2011-10-20,123525.559032
2011-10-21,109969.8158879
2011-10-24,127329.66922889999
2011-10-25,121716.97741980001
2011-10-26,132549.8535493
2011-10-27,116152.7855183
2011-10-28,125144.8989292
2011-10-31,144556.6022154
2011-11-01,127657.1118937
2011-11-02,140756.7129261
2011-11-03,138296.6094554
2011-11-04,125463.5667845
2011-11-07,149966.80556729998
2011-11-08,127938.4616348
2011-11-09,144564.2266735
2011-11-10,121433.92962610001
2011-11-11,80002.1570416
2011-11-14,149124.2568456
2011-11-15,115818.2046614
2011-11-16,112975.414864
2011-11-17,120116.82892910001
2011-11-18,127869.98982
2011-11-21,167527.8752635
2011-11-22,117421.82855410001
2011-11-23,129593.8493925
2011-11-24,97650.6153593
2011-11-25,178931.8378628
2011-11-28,174419.1540473
2011-11-29,127974.0963346
2011-11-30,182635.3326089
2011-12-01,147097.0119116
2011-12-02,152887.0555911
2011-12-05,152668.026884
2011-12-06,127848.11985480001
2011-12-07,142192.6284757
2011-12-08,124911.36610510001
2011-12-09,138256.2226801
2011-12-12,139025.848471
2011-12-13,141651.8921916
2011-12-14,148114.5643155
2011-12-15,161747.4501716
2011-12-16,153424.53016989998
2011-12-19,168906.0991619
2011-12-20,164609.9244872
2011-12-21,189320.77257220002
2011-12-22,144792.0005196
2011-12-23,132796.9385012
2011-12-27,119735.7218322
2011-12-28,123024.4353408
2011-12-29,113364.2020814
2011-12-30,130106.6027679
2012-01-03,115567.2665552
2012-01-04,104273.5600942
2012-01-05,110768.5472628
2012-01-06,104230.3882557
2012-01-09,122906.1052928
2012-01-10,100020.1592405
2012-01-11,110212.9635632
2012-01-12,113295.18449839999
2012-01-13,108084.75349510001
2012-01-16,96380.6667265
2012-01-17,128980.6292074
2012-01-18,103784.2883604
2012-01-19,114043.3759753
2012-01-20,116032.9576723
2012-01-23,120802.9862886
2012-01-24,98453.1867985
2012-01-25,119171.5619996
2012-01-26,126538.8038852
2012-01-27,108403.3707728
2012-01-30,134869.4770447
2012-01-31,133058.6820056
2012-02-01,108332.5081902
2012-02-02,118122.0629123
2012-02-03,119034.8061454
2012-02-06,113452.5870558
2012-02-07,105823.0695006
2012-02-08,101977.1857941
2012-02-09,105408.26702089999
2012-02-10,100957.6602355
2012-02-13,123373.364385
2012-02-14,105512.8823577
2012-02-15,106196.678311
2012-02-16,98688.82487839999
2012-02-17,110856.5463097
2012-02-20,75261.990855
2012-02-21,137117.4754881
2012-02-22,138627.90895339998
2012-02-23,125567.6475528
2012-02-24,126766.3073649
2012-02-27,128460.5775236
2012-02-28,112908.65919369999
2012-02-29,157630.0859378
2012-03-01,146879.82583010002
2012-03-02,131483.0075584
2012-03-05,125704.01682219999
2012-03-06,115114.226234
2012-03-07,122775.5007222
2012-03-08,113610.7860269
2012-03-09,114393.7677863
2012-03-12,113977.8786459
2012-03-13,119797.8569441
2012-03-14,109909.56678919999
2012-03-15,116441.8928032
2012-03-16,110307.98767389999
2012-03-19,118242.6785179
2012-03-20,109016.6942418
2012-03-21,139982.25181689998
2012-03-22,109138.7744288
2012-03-23,133833.299116
2012-03-26,119442.1725287
2012-03-27,108794.3012855
2012-03-28,107357.9826485
2012-03-29,104513.53527610001
2012-03-30,162275.3975969
2012-04-02,122692.7090498
2012-04-03,91157.0895244
2012-04-04,104515.302795
2012-04-05,118183.9613172
2012-04-10,175737.7731396
2012-04-11,132826.1226243
2012-04-12,120437.4571169
2012-04-13,108254.1068951
2012-04-16,99408.3284641
2012-04-17,100054.88952669999
2012-04-18,106934.127631
2012-04-19,115309.3826632
2012-04-20,108405.5885914
2012-04-23,104858.20819739999
2012-04-24,110692.9713231
2012-04-25,124802.5004377
2012-04-26,119832.3888231
2012-04-27,139501.3393724
2012-04-30,159753.62271129998
2012-05-02,118704.20308139999
2012-05-03,98891.59281910001
2012-05-04,110175.18995480001
2012-05-07,96420.5987304
2012-05-08,102130.8664002
2012-05-09,102152.26815460001
2012-05-10,102702.7844567
2012-05-11,103247.2163567
2012-05-14,103272.8754356
2012-05-15,98384.9520979
2012-05-16,118590.5628533
2012-05-18,120609.42064560001
2012-05-21,124343.8639724
2012-05-22,94650.5915504
2012-05-23,123305.1470668
2012-05-24,104161.65335539999
2012-05-25,155140.0060446
2012-05-29,135670.2991581
2012-05-30,110765.24819360001
2012-05-31,129681.45752410001
2012-06-01,100298.75644760001
2012-06-04,107285.01064
2012-06-05,107995.8408645
2012-06-06,119634.44331660001
2012-06-07,100844.27871760001
2012-06-08,99843.26249610001
2012-06-11,130672.5309533
2012-06-12,94060.1431475
2012-06-13,90105.2053273
2012-06-14,125763.2263111
2012-06-15,116169.05186189999
2012-06-18,126075.58097519999
2012-06-19,123177.8480295
2012-06-20,117084.0108152
2012-06-21,114314.45290080001
2012-06-22,100565.686471
2012-06-25,135888.7979312
2012-06-26,97454.5468942
2012-06-27,101732.5591719
2012-06-28,115465.2804395
2012-06-29,178560.2483293
2012-07-02,143746.115926
2012-07-03,111993.9047455
2012-07-04,66789.89786509999
2012-07-05,124453.4794257
2012-07-06,91330.32927389999
2012-07-09,95287.1580816
2012-07-10,94725.69704880001
2012-07-11,93211.8802879
2012-07-12,100839.05569980001
2012-07-13,91479.7810362
2012-07-16,108151.264662
2012-07-17,98462.4643425
2012-07-18,101852.5940483
2012-07-19,115435.2750847
2012-07-20,102043.6168852
2012-07-23,122066.1277655
2012-07-24,106460.8209712
2012-07-25,131799.7774962
2012-07-26,133043.297906
2012-07-27,110457.4353804
2012-07-30,103506.1700451
2012-07-31,138273.8023519
2012-08-02,150339.4293606
2012-08-03,118851.7130246
2012-08-06,119395.2243476
2012-08-07,90941.1674532
2012-08-08,84435.8302365
2012-08-09,94705.4241648
2012-08-10,84660.11678010001
2012-08-13,112358.260561
2012-08-14,95885.69635439999
2012-08-15,89456.57252860001
2012-08-16,112320.119913
2012-08-17,101397.7267028
2012-08-20,110358.2042966
2012-08-21,91383.90351430001
2012-08-22,91826.4115945
2012-08-23,106009.37683539999
2012-08-24,111357.809123
2012-08-27,121894.5850646
2012-08-28,114349.3740871
2012-08-29,111077.5061492
2012-08-30,122088.1102998
2012-08-31,133985.9622791
2012-09-03,77683.2099706
2012-09-04,119296.6421065
2012-09-05,99145.415571
2012-09-06,89747.660339
2012-09-07,99488.07503060001
2012-09-10,148056.3435102
2012-09-11,98627.9535203
2012-09-12,105735.6738932
2012-09-13,121633.892381
2012-09-14,103074.1721059
2012-09-17,110189.41206589999
2012-09-18,99484.3757623
2012-09-19,107246.8652476
2012-09-20,126645.1734682
2012-09-21,111200.2164874
2012-09-24,114924.8089077
2012-09-25,119703.0444492
2012-09-26,112999.6916555
2012-09-27,127026.6932307
2012-09-28,222787.3060695
2012-10-01,169066.0200534
2012-10-02,113760.59775989999
2012-10-03,114962.6897231
2012-10-04,103926.3774843
2012-10-05,114035.86520789999
2012-10-08,62166.299945800005
2012-10-09,115833.3145709
2012-10-10,105184.0363858
2012-10-11,107284.3954743
2012-10-12,93808.1286358
2012-10-15,102407.47320689999
2012-10-16,90801.00836010001
2012-10-17,95699.31537119999
2012-10-18,101956.4309033
2012-10-19,117667.4656895
2012-10-22,110694.3712134
2012-10-23,104078.4734889
2012-10-24,109526.8699698
2012-10-25,117061.87854969999
2012-10-26,119010.8098245
2012-10-29,107546.226634
2012-10-30,96699.2622442
2012-10-31,142744.1421998
2012-11-01,103916.5966314
2012-11-02,110884.86032889999
2012-11-05,108401.472625
2012-11-06,94917.4551595
2012-11-07,89703.3204621
2012-11-08,89718.1130928
2012-11-09,103028.1189266
2012-11-12,59674.1287995
2012-11-13,99425.0331097
2012-11-14,94011.66711289999
2012-11-15,100045.7074331
2012-11-16,115873.1464
2012-11-19,107475.8406178
2012-11-20,100377.9998377
2012-11-21,98560.11648639999
2012-11-22,70792.5515782
2012-11-23,133150.5976469
2012-11-26,128092.0386937
2012-11-27,101536.5704004
2012-11-28,110582.7535725
2012-11-29,117620.67842
2012-11-30,166290.542571
2012-12-03,136882.5367576
2012-12-04,113991.625991
2012-12-05,142787.90704770002
2012-12-06,115466.61193989999
2012-12-07,114457.5340343
2012-12-10,111613.5017237
2012-12-11,102368.3429755
2012-12-12,109424.6411928
2012-12-13,114326.69747110001
2012-12-14,126720.8167853
2012-12-17,133778.3687605
2012-12-18,116681.119979
2012-12-19,140577.3435897
2012-12-20,144831.67909720002
2012-12-21,179603.20745629998
2012-12-24,118598.9798726
2012-12-27,160558.76592960002
2012-12-28,157053.6355291
2012-12-31,149453.0157805
2013-01-03,160247.1863864
2013-01-04,148819.44762179998
2013-01-07,158126.0176595
2013-01-08,130627.699759
2013-01-09,110147.4143147
2013-01-10,128536.995954
2013-01-11,127891.16256730001
2013-01-14,138974.0779339
2013-01-15,127727.95773
2013-01-16,116546.3313786
2013-01-17,127443.583335
2013-01-18,122517.409449
2013-01-21,87236.9533507
2013-01-22,149162.6721614
2013-01-23,125018.0886005
2013-01-24,128260.5604964
2013-01-25,141132.9007649
2013-01-28,134588.9547402
2013-01-29,125172.8708191
2013-01-30,123771.3862206
2013-01-31,168608.0256428
2013-02-01,136875.9931712
2013-02-04,139619.4137525
2013-02-05,137904.998685
2013-02-06,120383.6386404
2013-02-07,145233.735566
2013-02-08,147087.8255414
2013-02-11,165900.03376360002
2013-02-12,130030.6908023
2013-02-13,117160.1424478
2013-02-14,132625.89543
2013-02-15,145929.1907496
2013-02-18,93582.3629378
2013-02-19,152870.9175791
2013-02-20,152043.3256135
2013-02-21,141750.3917691
2013-02-22,141073.0618755
2013-02-25,167260.7064126
2013-02-26,153135.9016611
2013-02-27,158869.4982035
2013-02-28,195887.3505532
2013-03-01,166565.46112579998
2013-03-04,165370.8374545
2013-03-05,158321.1963604
2013-03-06,140669.24034760002
2013-03-07,144051.85831470002
2013-03-08,139502.1292552
2013-03-11,144913.60910139998
2013-03-12,131693.9456986
2013-03-13,121015.8023914
2013-03-14,141329.38520820002
2013-03-15,153279.8408835
2013-03-18,147579.11498020001
2013-03-19,145239.7283426
2013-03-20,174239.38014020002
2013-03-21,146070.0949179
2013-03-22,142308.3275963
2013-03-25,140763.23482789999
2013-03-26,127486.24635789999
2013-03-27,139092.59958
2013-03-28,214833.8573377
2013-04-02,180524.00312220003
2013-04-03,153284.7704065
2013-04-04,148973.4794226
2013-04-05,130524.2398347
2013-04-08,151834.87489479998
2013-04-09,126199.8496798
2013-04-10,136582.9529763
2013-04-11,159603.1318031
2013-04-12,135751.7314545
2013-04-15,136563.7397802
2013-04-16,129517.214453
2013-04-17,124907.2168852
2013-04-18,142900.4024003
2013-04-19,119043.0787735
2013-04-22,127005.4760064
2013-04-23,128578.75963880001
2013-04-24,122121.2605166
2013-04-25,145840.2976631
2013-04-26,131649.25924369998
2013-04-29,143963.1470341
2013-04-30,166630.4368436
2013-05-02,162903.6931099
2013-05-03,145124.41072020002
2013-05-06,127372.9806907
2013-05-07,130663.0759201
2013-05-08,121708.7368861
2013-05-10,147319.4606115
2013-05-13,142144.1230255
2013-05-14,129276.1414807
2013-05-15,152381.165053
2013-05-16,134893.6975936
2013-05-17,130254.7965393
2013-05-21,148633.71309089998
2013-05-22,126524.5556997
2013-05-23,138654.4397787
2013-05-24,153136.4510833
2013-05-27,83180.4067479
2013-05-28,147426.258285
2013-05-29,126166.77715919999
2013-05-30,124345.5794489
2013-05-31,155783.74000289998
2013-06-03,132842.7405753
2013-06-04,125749.23252
2013-06-05,119906.068104
2013-06-06,129600.6768093
2013-06-07,139392.93736920002
2013-06-10,122945.9835081
2013-06-11,112314.7594419
2013-06-12,98092.540746
2013-06-13,122043.39828760001
2013-06-14,126570.2761149
2013-06-17,131798.5212355
2013-06-18,116121.24303839999
2013-06-19,146274.9340253
2013-06-20,124495.81199589999
2013-06-21,123863.4988018
2013-06-24,131985.0694983
2013-06-25,129915.2150079
2013-06-26,149218.4293442
2013-06-27,138840.4719612
2013-06-28,207088.0371843
2013-07-01,169320.2787739
2013-07-02,142198.043553
2013-07-03,143160.8907127
2013-07-04,75105.2239846
2013-07-05,138255.906705
2013-07-08,126841.2753997
2013-07-09,112854.3556174
2013-07-10,121514.6566596
2013-07-11,121652.25270889999
2013-07-12,115082.05407960001
2013-07-15,126290.6782232
2013-07-16,101722.3658333
2013-07-17,107636.6529957
2013-07-18,104943.6285905
2013-07-19,120871.3072538
2013-07-22,117997.6320461
2013-07-23,109578.2532993
2013-07-24,115738.6611448
2013-07-25,118027.34440660001
2013-07-26,113315.6453224
2013-07-29,119610.131609
2013-07-30,113258.6108513
2013-07-31,150098.2807461
2013-08-02,143320.29378829998
2013-08-05,138328.1287374
2013-08-06,106515.01574
2013-08-07,109692.5789307
2013-08-08,104757.2218132
2013-08-09,106629.1688313
2013-08-12,109360.5213102
2013-08-13,104280.47649639999
2013-08-14,105148.09453219999
2013-08-15,120817.32749289999
2013-08-16,108739.61216080001
2013-08-19,109886.3266679
2013-08-20,99856.75580489999
2013-08-21,104892.3294529
2013-08-22,112601.92340510001
2013-08-23,123426.2066427
2013-08-26,103286.4410462
2013-08-27,111805.5720154
2013-08-28,109325.3922873
2013-08-29,124485.9478789
2013-08-30,177379.2376509
2013-09-02,93230.77749739999
2013-09-03,145956.9090279
2013-09-04,109190.6791689
2013-09-05,112596.2737092
2013-09-06,112399.88694160001
2013-09-09,114367.75054810001
2013-09-10,125427.8109986
2013-09-11,100522.4525232
2013-09-12,112838.16019889999
2013-09-13,123610.2869606
2013-09-16,117156.21110639999
2013-09-17,120218.7501272
2013-09-18,130812.16894619999
2013-09-19,112224.4475083
2013-09-20,129666.6222922
2013-09-23,117224.8958325
2013-09-24,110606.4233035
2013-09-25,133591.5892711
2013-09-26,112451.76070989999
2013-09-27,122058.767894
2013-09-30,149773.3504765
2013-10-01,111338.5349952
2013-10-02,100388.38040010001
2013-10-03,106157.45119169999
2013-10-04,105137.20852819999
2013-10-07,120646.598669
2013-10-08,98092.53324460001
2013-10-09,110371.4953053
2013-10-10,114286.3815941
2013-10-11,109534.52312289999
2013-10-14,58039.0401315
2013-10-15,121547.983435
2013-10-16,103066.3296664
2013-10-17,105740.46077569999
2013-10-18,113784.0976168
2013-10-21,111310.7983925
2013-10-22,103752.802092
2013-10-23,112223.7620528
2013-10-24,114403.2546807
2013-10-25,130965.49046710001
2013-10-28,110043.3589186
2013-10-29,103957.15666980001
2013-10-30,115817.47670989999
2013-10-31,164072.1965495
2013-11-01,118652.3809056
2013-11-04,119211.6257653
2013-11-05,104082.410258
2013-11-06,101543.9884532
2013-11-07,105448.83806489999
2013-11-08,109736.1270646
2013-11-11,68181.3037325
2013-11-12,128320.9032489
2013-11-13,99140.0307245
2013-11-14,104893.181583
2013-11-15,114133.8584031
2013-11-18,102442.0996659
2013-11-19,98052.731347
2013-11-20,95270.52519269999
2013-11-21,100461.6946037
2013-11-22,106152.84104360001
2013-11-25,132780.5994583
2013-11-26,103621.3959631
2013-11-27,110297.088538
2013-11-28,61943.800465
2013-11-29,194015.8342949
2013-12-02,153591.1629238
2013-12-03,111302.6504245
2013-12-04,101388.7875803
2013-12-05,104414.2752115
2013-12-06,121133.4612221
2013-12-09,118290.5488082
2013-12-10,101987.2723308
2013-12-11,110386.1698988
2013-12-12,110790.9719576
2013-12-13,114348.58167089999
2013-12-16,126764.0890076
2013-12-17,109334.88539560001
2013-12-18,138567.0454397
2013-12-19,109913.96722230001
2013-12-20,147680.5203245
2013-12-23,133465.812946
2013-12-24,111922.03012560001
2013-12-27,154893.2131808
2013-12-30,139930.3764487
2013-12-31,137374.0165544
2014-01-03,161745.7561165
2014-01-06,138627.40572439999
2014-01-07,112788.9571373
2014-01-08,111880.9882539
2014-01-09,119150.03342260001
2014-01-10,124582.89961719999
2014-01-13,128816.5139685
2014-01-14,114085.0758234
2014-01-15,123225.825693
2014-01-16,115676.6290473
2014-01-17,124316.7475815
2014-01-20,83107.7606562
2014-01-21,127003.28997089999
2014-01-22,114801.68116539999
2014-01-23,103649.0425276
2014-01-24,126576.6841157
2014-01-27,116583.64086680001
2014-01-28,111635.7394298
2014-01-29,119861.1821462
2014-01-30,133229.6057298
2014-01-31,162200.6390557
2014-02-03,125650.85381039999
2014-02-04,121007.9773323
2014-02-05,121294.69428839999
2014-02-06,118328.0325344
2014-02-07,125190.2715675
2014-02-10,132885.9961106
2014-02-11,107235.28772580001
2014-02-12,107485.9453608
2014-02-13,118004.7198226
2014-02-14,116554.1876113
2014-02-17,81646.9047157
2014-02-18,116164.8464945
2014-02-19,102992.162089
2014-02-20,113670.8230679
2014-02-21,118456.6108673
2014-02-24,113687.6564769
2014-02-25,113952.19012239999
2014-02-26,114738.6801535
2014-02-27,123440.50960189999
2014-02-28,189687.3149604
2014-03-03,137637.2952055
2014-03-04,141454.82042489998
2014-03-05,125806.2730315
2014-03-06,120953.07704019999
2014-03-07,122860.765403
2014-03-10,129861.881439
2014-03-11,129590.9165661
2014-03-12,108235.5761857
2014-03-13,108769.5095695
2014-03-14,131001.087925
2014-03-17,142415.37340570003
2014-03-18,121246.3086625
2014-03-19,122858.591917
2014-03-20,118242.91813430001
2014-03-21,118364.8894472
2014-03-24,126755.05153910001
2014-03-25,127220.5656996
2014-03-26,149358.9175658
2014-03-27,123002.9972169
2014-03-28,120502.1597687
2014-03-31,207695.5694275
2014-04-01,151926.16478770002
2014-04-02,131266.019744
2014-04-03,132917.5907316
2014-04-04,133389.4746675
2014-04-07,135244.8482177
2014-04-08,108481.52362919999
2014-04-09,124757.5519113
2014-04-10,129408.7976012
2014-04-11,123432.6323157
2014-04-14,128911.0321543
2014-04-15,125183.6316737
2014-04-16,116272.7305347
2014-04-17,132082.4649765
2014-04-22,156563.1389629
2014-04-23,116709.0053163
2014-04-24,142611.16480320002
2014-04-25,140786.8686014
2014-04-28,134313.2284033
2014-04-29,113747.5263
2014-04-30,179792.928788
2014-05-02,132053.8801181
2014-05-05,125238.32075289999
2014-05-06,127756.0773128
2014-05-07,116592.46094
2014-05-08,101690.55074460001
2014-05-09,116682.77275539999
2014-05-12,124319.4856839
2014-05-13,102162.96007989999
2014-05-14,102164.0818629
2014-05-15,117191.104843
2014-05-16,110294.450906
2014-05-19,112566.8038032
2014-05-20,123345.3415717
2014-05-21,112518.138516
2014-05-22,114591.1757607
2014-05-23,129112.826351
2014-05-26,78478.4058686
2014-05-27,131944.4498192
2014-05-28,132293.6085758
2014-05-30,183176.96653910002
2014-06-02,134227.3620382
2014-06-03,127197.1084308
2014-06-04,119953.1046245
2014-06-05,111386.4830392
2014-06-06,111645.17054189999
2014-06-10,114295.9041925
2014-06-11,111036.2147
2014-06-12,112830.6533655
2014-06-13,112484.60532260001
2014-06-16,115218.9758993
2014-06-17,95369.3050793
2014-06-18,125549.2946097
2014-06-19,101031.1594339
2014-06-20,117492.5707103
2014-06-23,103448.5141981
2014-06-24,91733.01720439999
2014-06-25,142518.9199381
2014-06-26,113674.8313457
2014-06-27,128555.30115239999
2014-06-30,186575.80949020002
2014-07-01,136813.4523749
2014-07-02,117849.2798833
2014-07-03,123616.6076322
2014-07-04,81883.9075972
2014-07-07,130874.081579
2014-07-08,130970.3002974
2014-07-09,112302.5326575
2014-07-10,108092.7516895
2014-07-11,103819.7479339
2014-07-14,121937.1548394
2014-07-15,107741.1602612
2014-07-16,101112.2431803
2014-07-17,100672.631855
2014-07-18,98907.4202987
2014-07-21,102048.758585
2014-07-22,93726.2126577
2014-07-23,95335.5861244
2014-07-24,95481.76613080001
2014-07-25,109728.7351995
2014-07-28,82845.9061623
2014-07-29,90934.2487146
2014-07-30,97205.22675619999
2014-07-31,146867.8931947
2014-08-04,130644.754482
2014-08-05,121478.58282139999
2014-08-06,100799.5317566
2014-08-07,100235.5613745
2014-08-08,94832.36210960001
2014-08-11,99431.70887280001
2014-08-12,87488.8777342
2014-08-13,89527.3337037
2014-08-14,97481.84323039999
2014-08-15,95332.0224925
2014-08-18,92510.1676395
2014-08-19,88909.8935795
2014-08-20,91804.767801
2014-08-21,93813.1475393
2014-08-22,89607.8790584
2014-08-25,104647.4600166
2014-08-26,94637.10389710001
2014-08-27,90610.9251923
2014-08-28,103585.3874752
2014-08-29,151992.787708
2014-09-01,81999.73227739999
2014-09-02,113859.2621072
2014-09-03,112481.0368084
2014-09-04,109695.1775869
2014-09-05,125609.51364830001
2014-09-08,117887.2400932
2014-09-09,104772.4142412
2014-09-10,97139.9231912
2014-09-11,103816.8864889
2014-09-12,114259.484463
2014-09-15,112879.9039979
2014-09-16,100230.7312998
2014-09-17,121783.03658680001
2014-09-18,108344.9256643
2014-09-19,108343.2355475
2014-09-22,112632.8570778
2014-09-23,93966.6215994
2014-09-24,112899.8080068
2014-09-25,120685.5149074
2014-09-26,114645.59482330001
2014-09-29,122499.0864505
2014-09-30,160179.4147937
2014-10-01,123179.40790019999
2014-10-02,117152.238454
2014-10-03,129416.1215741
2014-10-06,116935.0360464
2014-10-07,113195.11633589999
2014-10-08,117825.938172
2014-10-09,110045.30821510001
2014-10-10,125149.82944039999
2014-10-13,79373.48114060001
2014-10-14,113641.5340628
2014-10-15,98144.3716534
2014-10-16,97960.7890343
2014-10-17,115367.2212883
2014-10-20,115432.5249853
2014-10-21,101959.9095689
2014-10-22,106430.914798
2014-10-23,106612.0743298
2014-10-24,114321.296898
2014-10-27,99857.2229545
2014-10-28,102670.9100898
2014-10-29,104559.5392583
2014-10-30,107653.6646401
2014-10-31,145845.9562348
2014-11-03,120511.2942583
2014-11-04,121543.6352527
2014-11-05,117065.3861267
2014-11-06,116021.6003887
2014-11-07,121899.9964547
2014-11-10,127002.9275279
2014-11-11,69862.8447734
2014-11-12,113611.1399734
2014-11-13,109009.9983971
2014-11-14,118041.6521245
2014-11-17,115398.2274491
2014-11-18,94677.5020833
2014-11-19,112140.6846349
2014-11-20,102443.2991922
2014-11-21,100371.5199439
2014-11-24,106618.4400461
2014-11-25,113013.8814089
2014-11-26,118772.74423410001
2014-11-27,80862.5748265
2014-11-28,176226.7648185
2014-12-01,121437.1426928
2014-12-02,121499.234301
2014-12-03,116405.38025680001
2014-12-04,115128.80686669999
2014-12-05,128413.33381319999
2014-12-08,119349.5541048
2014-12-09,101549.6384003
2014-12-10,124645.4204279
2014-12-11,138773.02520170002
2014-12-12,128340.7431397
2014-12-15,133209.4251333
2014-12-16,127436.17513510001
2014-12-17,146545.5465193
2014-12-18,167042.19725829997
2014-12-19,160994.7957209
2014-12-22,158268.1870761
2014-12-23,166123.7907358
2014-12-24,130342.16388580001
2014-12-29,150524.2003591
2014-12-30,145564.97281039998
2014-12-31,134290.4571635
